cluster,avg_intra_distance
1,0.81310785
2,0.747024
3,0.7230208
4,0.8041992
5,0.72619027
6,0.802019
7,0.6724674
8,0.76039296
9,0.71344596
10,0.6977417
