cluster,avg_intra_distance
1,0.88424
2,0.9732544
3,0.9611765
4,0.9132741
5,0.9617108
6,0.95846075
7,0.9786997
8,0.8809805
9,0.93916905
10,0.97756976
