cluster,avg_intra_distance
1,0.61412704
2,0.5649724
3,0.5604541
4,0.5988124
5,0.5425219
6,0.57417804
7,0.5203145
8,0.59768856
9,0.51485324
10,0.55532205
