cluster,avg_intra_distance
1,0.6595298
2,0.6370013
3,0.599037
4,0.6402731
5,0.56421643
6,0.67169714
7,0.58393854
8,0.5992465
9,0.5405967
10,0.67366725
