cluster,avg_intra_distance
1,0.80708045
2,0.73491514
3,0.6894143
4,0.79031456
5,0.66579485
6,0.7922467
7,0.61940956
8,0.7629702
9,0.66205615
10,0.68980324
