cluster,avg_intra_distance
1,0.81043744
2,0.7557852
3,0.7239514
4,0.79815096
5,0.6878332
6,0.8028845
7,0.6347254
8,0.7530146
9,0.68572605
10,0.7001378
