cluster,avg_intra_distance
1,0.6963441
2,0.6370347
3,0.6319071
4,0.6599296
5,0.61080897
6,0.63066113
7,0.59274954
8,0.65946573
9,0.599681
10,0.6107396
