cluster,avg_intra_distance
1,0.64961296
2,0.58057016
3,0.5435582
4,0.6058866
5,0.5422383
6,0.5903425
7,0.51758945
8,0.6142756
9,0.5159252
10,0.5676202
