cluster,avg_intra_distance
1,0.67905456
2,0.65427834
3,0.57731164
4,0.6453939
5,0.5453068
6,0.7058282
7,0.5800086
8,0.604801
9,0.49250832
10,0.68337184
