cluster,avg_intra_distance
1,0.841655
2,0.9662588
3,0.9610962
4,0.8624025
5,0.9543562
6,0.90798426
7,0.96554506
8,0.876479
9,0.91403353
10,0.9658847
